{"lr": 0.00997794446709763, "data_time": 0.01156167984008789, "loss": 0.8281696677207947, "decode.loss_ce": 0.5746512353420258, "decode.acc_seg": 76.51619720458984, "aux.loss_ce": 0.25351842641830447, "aux.acc_seg": 73.80622100830078, "time": 0.29337689876556394, "step": 100}
{"lr": 0.009955660594668054, "data_time": 0.012263655662536621, "loss": 0.7744405508041382, "decode.loss_ce": 0.5333778619766235, "decode.acc_seg": 88.12918090820312, "aux.loss_ce": 0.2410626918077469, "aux.acc_seg": 84.64798736572266, "time": 0.29526443481445314, "step": 200}
{"lr": 0.009933371122565919, "data_time": 0.012731814384460449, "loss": 0.6212991565465927, "decode.loss_ce": 0.4181632578372955, "decode.acc_seg": 91.16820526123047, "aux.loss_ce": 0.20313590317964553, "aux.acc_seg": 89.4913330078125, "time": 0.29743475914001466, "step": 300}
{"lr": 0.009911076035273796, "data_time": 0.013741827011108399, "loss": 0.6225524604320526, "decode.loss_ce": 0.4281633824110031, "decode.acc_seg": 82.2444839477539, "aux.loss_ce": 0.19438907355070115, "aux.acc_seg": 79.07205963134766, "time": 0.29303271770477296, "step": 400}
{"lr": 0.009910853055991452, "data_time": 0.012139415740966797, "loss": 0.6468536496162415, "decode.loss_ce": 0.44304188787937165, "decode.acc_seg": 81.15701293945312, "aux.loss_ce": 0.20381175875663757, "aux.acc_seg": 77.05192565917969, "time": 0.29056992530822756, "step": 400}
{"aAcc": 84.31, "mIoU": 65.77, "mAcc": 75.81, "step": 400}
{"lr": 0.0098885522815226, "data_time": 0.006156349182128906, "loss": 0.5330653607845306, "decode.loss_ce": 0.36363486796617506, "decode.acc_seg": 87.17839050292969, "aux.loss_ce": 0.16943049505352975, "aux.acc_seg": 85.50718688964844, "time": 0.27884998321533205, "step": 500}
{"lr": 0.009866245860424042, "data_time": 0.006113219261169434, "loss": 0.5025022506713868, "decode.loss_ce": 0.3389845699071884, "decode.acc_seg": 90.25110626220703, "aux.loss_ce": 0.16351768299937247, "aux.acc_seg": 87.28308868408203, "time": 0.2780137300491333, "step": 600}
{"lr": 0.009843933776928635, "data_time": 0.00643315315246582, "loss": 0.5448868364095688, "decode.loss_ce": 0.367738650739193, "decode.acc_seg": 85.81295013427734, "aux.loss_ce": 0.17714818492531775, "aux.acc_seg": 82.33203125, "time": 0.27816386222839357, "step": 700}
{"lr": 0.009821616015184982, "data_time": 0.011048460006713867, "loss": 0.5496938109397889, "decode.loss_ce": 0.36603149473667146, "decode.acc_seg": 86.81744384765625, "aux.loss_ce": 0.18366230726242067, "aux.acc_seg": 84.05168151855469, "time": 0.2902138948440552, "step": 800}
{"aAcc": 87.13, "mIoU": 70.63, "mAcc": 80.44, "step": 800}
